{
  "HomePlanet": {
    "Europa": 0.6586974443528442,
    "Mars": 0.5284313725490196,
    "Earth": 0.4239909468125236
  },
  "CryoSleep": {
    "true": 0.8135977337110482,
    "false": 0.3321554770318021
  },
  "Destination": {
    "55 Cancri e": 0.6232604373757455,
    "PSO J318.5-22": 0.47835497835497837,
    "TRAPPIST-1e": 0.47308367466354595
  },
  "VIP": {
    "false": 0.5077470686767169,
    "true": 0.4107142857142857
  }
}