,Age,RoomService,FoodCourt,ShoppingMall,Spa,VRDeck
Age,1.0,0.08177083554979166,0.1237759521646478,0.017869320427200325,0.11442048084426355,0.10288065220405826
RoomService,0.08177083554979166,1.0,-0.006191246857863231,0.05770660336337761,0.029637509138234822,-0.02673728094476109
FoodCourt,0.1237759521646478,-0.006191246857863231,1.0,-0.022136085790396533,0.229171987877253,0.21927780073548261
ShoppingMall,0.017869320427200325,0.05770660336337761,-0.022136085790396533,1.0,-0.006933447578702535,-0.01721700952138368
Spa,0.11442048084426355,0.029637509138234822,0.229171987877253,-0.006933447578702535,1.0,0.12378959752974072
VRDeck,0.10288065220405826,-0.02673728094476109,0.21927780073548261,-0.01721700952138368,0.12378959752974072,1.0
