{
  "train": {
    "CryoSleep": 2.4962613597147127,
    "ShoppingMall": 2.392729782583688,
    "VIP": 2.3352122397331185,
    "HomePlanet": 2.312205222592891,
    "Name": 2.300701714022777,
    "Cabin": 2.289198205452663,
    "VRDeck": 2.1626596111814105,
    "FoodCourt": 2.105142068330841,
    "Spa": 2.105142068330841,
    "Destination": 2.093638559760727,
    "RoomService": 2.082135051190613,
    "Age": 2.0591280340503855,
    "PassengerId": 0.0,
    "Transported": 0.0
  },
  "test": {
    "FoodCourt": 2.4783726911386488,
    "Spa": 2.3614683189151275,
    "Cabin": 2.338087444470423,
    "ShoppingMall": 2.2913256955810146,
    "Name": 2.197802197802198,
    "CryoSleep": 2.1744213233574934,
    "VIP": 2.1744213233574934,
    "Destination": 2.1510404489127897,
    "Age": 2.127659574468085,
    "HomePlanet": 2.034136076689268,
    "RoomService": 1.917231704465747,
    "VRDeck": 1.8704699555763384,
    "PassengerId": 0.0
  }
}