,Age,RoomService,FoodCourt,ShoppingMall,Spa,VRDeck
count,4895.0,4880.0,4900.0,4877.0,4898.0,4900.0
mean,28.895403472931562,219.46680327868853,452.00551020408165,178.7793725651015,307.88525928950594,312.4057142857143
std,14.519088562600171,644.166825505797,1571.4415515958267,638.604391969838,1126.7113694328893,1159.5304671080737
min,0.0,0.0,0.0,0.0,0.0,0.0
25%,19.0,0.0,0.0,0.0,0.0,0.0
50%,27.0,0.0,0.0,0.0,0.0,0.0
75%,38.0,43.0,63.0,24.0,61.0,44.0
max,79.0,14327.0,29813.0,23492.0,22408.0,17306.0
